﻿Designator,Footprint,Quantity,Value,LCSC Part #
"D1, D10, D11, D12, D13, D14, D15, D16, D17, D18, D19, D2, D20, D21, D22, D23, D24, D25, D3, D4, D5, D6, D7, D8, D9",D3_SMD_v2,25,1N4448W,
"J1, J2",JST_PH_S2B-PH-K_1x02_P2.00mm_Horizontal,2,Conn_01x02,
RV1,PSP thumbstick,1,R_Potentiometer_Dual,
"SW1, SW10, SW11, SW12, SW13, SW14, SW15, SW16, SW17, SW18, SW19, SW19'1, SW2, SW20, SW21, SW22, SW23, SW24, SW25, SW3, SW4, SW5, SW6, SW7, SW8, SW9",ChocV1_Hotswap,26,SW_Push,
U1,ArduinoProMicro,1,ProMicro,
